{"type": "metrics", "dataset": "train", "precision": 0.6966803092314688, "balanced_accuracy": 0.6415655024368359, "recall": 0.3242328042328042, "f1_score": 0.44251877527440786}
{"type": "metrics", "dataset": "test", "precision": 0.7021943573667712, "balanced_accuracy": 0.6561383764486352, "recall": 0.35257082896117525, "f1_score": 0.46943765281173594}
{"type": "cm_matrix", "dataset": "train", "true_0": {"predicted_0": 15561, "predicted_1": 667}, "true_1": {"predicted_0": 3193, "predicted_1": 1532}}
{"type": "cm_matrix", "dataset": "test", "true_0": {"predicted_0": 6788, "predicted_1": 285}, "true_1": {"predicted_0": 1234, "predicted_1": 672}}
